JailId,Nov,Oct,Sept-Nov,June-Aug
AL-Autauga,True,True,True,True
AL-Baldwin,True,True,True,True
AL-Blount,True,True,True,True
AL-Calhoun,True,True,True,True
AL-Cherokee,True,True,True,True
AL-Chilton,True,True,True,True
AL-Choctaw,True,True,True,True
AL-Clay,True,True,True,True
AL-Cleburne,True,True,True,True
AL-Coffee,True,True,True,True
AL-Colbert,True,True,True,True
AL-Coosa,True,True,True,True
AL-Dale,True,True,True,True
AL-DeKalb,True,True,True,True
AL-Etowah,True,True,True,False
AL-Franklin,True,True,True,True
AL-Greene,True,True,True,True
AL-Houston,True,True,True,True
AL-Jackson,True,True,True,True
AL-Jefferson,True,True,True,True
AL-Jefferson_Birmingham,True,True,True,False
AL-Limestone,True,True,True,True
AL-Madison,True,True,True,True
AL-Marion,True,True,True,True
AL-Marshall,True,True,True,True
AL-Mobile,True,True,True,True
AL-Morgan,True,True,True,True
AL-Pickens,True,True,True,True
AL-Pike,True,True,True,True
AL-Randolph,True,True,True,True
AL-Shelby,True,True,True,True
AL-St_Clair,True,True,True,True
AL-Talladega,True,True,True,True
AL-Washington,True,True,True,True
AR-Baxter,True,True,True,True
AR-Benton,True,True,True,True
AR-Boone,True,True,True,True
AR-Columbia,True,True,True,True
AR-Craighead,True,True,True,True
AR-Crawford,True,True,True,True
AR-Crittenden,True,True,True,True
AR-Cross,True,True,True,True
AR-Drew,True,True,True,True
AR-Faulkner,True,True,True,True
AR-Franklin,True,True,True,True
AR-Garland,True,True,True,True
AR-Hempstead,True,True,True,True
AR-Howard,True,True,True,True
AR-Independence,True,True,True,True
AR-Izard,True,False,False,False
AR-Jefferson,True,True,True,True
AR-Johnson,True,True,True,True
AR-Madison,True,True,True,True
AR-Marion,True,True,True,True
AR-Monroe,True,True,True,True
AR-Nevada,True,True,True,True
AR-Ouachita,True,True,True,True
AR-Poinsett,True,True,True,True
AR-Pope,True,True,True,True
AR-Pulaski,True,True,True,True
AR-Randolph,True,False,False,False
AR-Saline,True,True,True,True
AR-Sebastian,True,True,True,True
AR-St_Francis,True,True,True,True
AR-Stone,True,True,True,True
AR-Union,True,True,True,True
AR-Van_Buren,True,True,True,True
AR-Washington,True,True,True,True
AR-White,True,True,True,True
AZ-Apache,True,True,True,True
AZ-Mohave,True,True,True,True
AZ-Navajo,True,True,True,True
AZ-Pima,True,True,True,True
AZ-Pinal,False,True,False,True
AZ-Yavapai,True,True,True,True
AZ-Yuma,True,True,True,True
CA-Amador,True,True,True,True
CA-El_Dorado,True,True,True,True
CA-Fresno,True,True,True,True
CA-Kern,True,True,True,True
CA-Kings,True,True,True,True
CA-Lake,True,True,True,True
CA-Los_Angeles,True,True,True,False
CA-Madera,True,True,True,True
CA-Marin,True,True,True,False
CA-Merced,True,True,True,True
CA-Monterey,True,True,True,True
CA-Napa,True,True,True,True
CA-Nevada,True,True,True,True
CA-Orange,True,True,True,True
CA-Placer,True,True,True,True
CA-Riverside,True,True,True,True
CA-San_Mateo,True,True,True,True
CA-Santa_Barbara,True,True,True,True
CA-Santa_Cruz,True,True,True,True
CA-Shasta,False,True,False,True
CA-Siskiyou,True,True,True,True
CA-Solano,True,True,True,True
CA-Stanislaus,True,True,True,True
CA-Tehama,True,True,True,True
CA-Tulare,True,True,True,True
CA-Yuba,True,True,True,True
CO-Adams,True,True,True,True
CO-Arapahoe,True,True,True,True
CO-Bent,True,True,True,True
CO-Boulder,True,True,True,True
CO-Broomfield,False,False,False,True
CO-Denver,True,True,True,True
CO-Douglas,True,True,True,True
CO-Garfield,True,True,True,True
CO-Jefferson,True,True,True,True
CO-Larimer,True,True,True,True
CO-Mesa,True,True,True,True
CO-Pitkin,True,True,True,True
CO-Pueblo,True,True,True,True
CO-Teller,True,True,True,True
FL-Alachua,True,True,True,True
FL-Bay,True,True,True,True
FL-Bradford,True,True,True,True
FL-Brevard,True,True,True,True
FL-Broward,True,True,True,True
FL-Calhoun,True,True,True,True
FL-Columbia,True,False,False,False
FL-DeSoto,True,True,True,True
FL-Duval,True,True,True,True
FL-Escambia,True,True,True,True
FL-Flagler,True,True,True,True
FL-Gadsden,True,False,False,False
FL-Hamilton,True,False,False,False
FL-Hendry,True,True,True,True
FL-Hernando,True,True,True,False
FL-Highlands,True,True,True,True
FL-Hillsborough,True,True,True,False
FL-Indian_River,True,True,True,True
FL-Lake,True,True,True,True
FL-Lee,True,True,True,True
FL-Levy,True,True,True,True
FL-Marion,True,True,True,True
FL-Monroe,True,True,True,True
FL-Nassau,True,True,True,True
FL-Okaloosa,True,True,True,True
FL-Okeechobee,True,True,True,True
FL-Orange,True,True,True,True
FL-Osceola,True,True,True,True
FL-Pasco,True,True,True,True
FL-Pinellas,True,True,True,True
FL-Polk,True,True,True,True
FL-Putnam,True,True,True,True
FL-Santa_Rosa,True,True,True,True
FL-Sarasota,True,True,True,True
FL-Seminole,True,True,True,True
FL-St_Johns,True,True,True,True
FL-St_Lucie,True,True,True,True
FL-Sumter,True,True,True,True
FL-Suwannee,True,True,True,True
FL-Taylor,True,True,True,True
FL-Walton,True,True,True,True
GA-Athens_Clarke,True,True,True,True
GA-Bartow,True,True,True,True
GA-Berrien,True,True,True,True
GA-Bibb,True,True,True,True
GA-Brantley,True,True,True,True
GA-Bulloch,True,True,True,True
GA-Burke,True,True,True,True
GA-Camden,True,True,True,True
GA-Carroll,True,True,True,True
GA-Catoosa,True,True,True,True
GA-Chattooga,True,True,True,True
GA-Clayton,True,True,True,False
GA-Cobb,True,True,True,False
GA-Columbia,True,True,True,True
GA-Coweta,True,True,True,True
GA-Dawson,True,True,True,True
GA-DeKalb,True,True,True,False
GA-Decatur,True,True,True,True
GA-Dodge,True,True,True,True
GA-Dougherty,True,True,True,True
GA-Douglas,True,True,True,True
GA-Effingham,True,True,True,True
GA-Elbert,True,True,True,True
GA-Fayette,True,True,True,True
GA-Floyd,True,True,True,True
GA-Forsyth,True,True,True,True
GA-Gilmer,True,True,True,True
GA-Gordon,True,True,True,True
GA-Gwinnett,True,True,True,True
GA-Habersham,True,True,True,True
GA-Hall,True,True,True,True
GA-Haralson,True,True,True,True
GA-Houston,True,True,True,True
GA-Jackson,True,True,True,True
GA-Lamar,True,True,True,True
GA-Laurens,True,True,True,True
GA-Liberty,True,True,True,True
GA-Lowndes,True,True,True,True
GA-Lumpkin,True,True,True,True
GA-Madison,True,True,True,True
GA-Monroe,True,True,True,True
GA-Newton,True,True,True,True
GA-Oconee,True,True,True,True
GA-Pickens,True,True,True,True
GA-Pierce,True,True,True,True
GA-Polk,True,True,True,True
GA-Rabun,True,True,True,True
GA-Richmond,True,True,True,True
GA-Spalding,True,True,True,True
GA-Sumter,True,True,True,True
GA-Tattnall,True,True,True,True
GA-Tift,True,True,True,True
GA-Toombs,True,True,True,True
GA-Troup,True,True,True,True
GA-Turner,True,True,True,True
GA-Union,True,True,True,True
GA-Upson,True,True,True,True
GA-Walton,True,True,True,True
GA-Ware,True,True,True,True
GA-Washington,True,True,True,True
GA-Whitfield,True,True,True,True
GA-Worth,True,True,True,True
IA-Black_Hawk,True,True,True,True
IA-Buena_Vista,True,True,True,True
IA-Cerro_Gordo,True,True,True,True
IA-Clinton,True,True,True,True
IA-Dallas,True,True,True,True
IA-Dickinson,True,True,True,True
IA-Hamilton,True,True,True,False
IA-Hardin,True,True,True,True
IA-Ida,True,True,True,True
IA-Johnson,True,True,True,True
IA-Linn,True,True,True,True
IA-Marshall,True,True,True,True
IA-Osceola,True,True,True,True
IA-Plymouth,True,True,True,True
IA-Polk,True,True,True,True
IA-Pottawattamie,True,True,True,True
IA-Scott,True,True,True,True
IA-Sioux,True,True,True,True
IA-Story,True,True,True,True
IA-Woodbury,True,True,True,True
ID-Ada,True,True,True,True
ID-Bannock,True,True,True,True
ID-Bingham,True,True,True,True
ID-Blaine,True,True,True,True
ID-Bonner,True,True,True,True
ID-Bonneville,True,True,True,True
ID-Canyon,False,True,False,True
ID-Cassia,True,True,True,True
ID-Elmore,True,True,True,True
ID-Kootenai,True,True,True,True
ID-Nez_Perce,True,True,True,True
ID-Power,True,True,True,True
ID-Twin_Falls,True,True,True,True
ID-Washington,True,True,True,True
IL-Adams,True,True,True,True
IL-Coles,True,True,True,True
IL-Crawford,True,True,True,True
IL-DuPage,True,True,True,False
IL-Kane,True,True,True,True
IL-Kankakee,True,True,True,True
IL-Kendall,True,True,True,True
IL-Lake,True,True,True,False
IL-Macon,True,True,True,True
IL-Massac,True,True,True,True
IL-McHenry,True,True,True,True
IL-Moultrie,True,True,True,True
IL-Peoria,True,True,True,False
IL-Randolph,True,True,True,True
IL-St_Clair,True,True,True,True
IL-Stephenson,True,True,True,True
IL-Will,True,True,True,True
IL-Woodford,True,True,True,True
IN-Boone,True,True,True,True
IN-Clay,True,True,True,True
IN-Dearborn,True,True,True,True
IN-Delaware,True,True,True,True
IN-Dubois,True,True,True,True
IN-Grant,True,True,True,True
IN-Hamilton,True,True,True,True
IN-Hancock,True,True,True,True
IN-Hendricks,True,True,True,True
IN-Howard,True,True,True,True
IN-Jackson,True,True,True,True
IN-Knox,True,True,True,True
IN-La_Porte,True,True,True,True
IN-Madison,True,True,True,True
IN-Marion,True,True,True,True
IN-Montgomery,True,True,True,True
IN-Perry,True,True,True,True
IN-Porter,True,True,True,True
IN-Pulaski,True,True,True,True
IN-Putnam,True,True,True,True
IN-Ripley,True,True,True,True
IN-Scott,True,True,True,True
IN-Shelby,True,True,True,True
IN-St_Joseph,True,True,True,True
IN-Starke,True,True,True,True
IN-Tippecanoe,True,True,True,True
IN-Vanderburgh,True,True,True,True
IN-Vigo,True,True,True,True
IN-Washington,True,True,True,True
IN-Whitley,True,True,True,True
KS-Brown,True,True,True,True
KS-Chase,True,True,True,False
KS-Cherokee,True,True,True,True
KS-Crawford,True,True,True,True
KS-Dickinson,True,True,True,True
KS-Doniphan,True,True,True,True
KS-Finney,True,True,True,True
KS-Geary,True,True,True,True
KS-Jackson,True,True,True,True
KS-Jefferson,True,True,True,True
KS-Labette,True,True,True,True
KS-Leavenworth,True,True,True,False
KS-Marion,True,True,True,True
KS-McPherson,True,True,True,True
KS-Phillips,True,True,True,True
KS-Pratt,True,True,True,True
KS-Reno,True,True,True,True
KS-Rooks,True,True,True,True
KS-Saline,True,True,True,True
KS-Sedgwick,True,True,True,True
KS-Shawnee,True,True,True,True
KS-Sherman,True,True,True,True
KS-Sumner,True,True,True,True
KS-Thomas,True,True,True,True
KS-Trego,True,True,True,True
KS-Wabaunsee,True,True,True,True
KS-Wyandotte,True,True,True,True
KY-Adair,True,True,True,False
KY-Allen,False,False,False,True
KY-Ballard,True,True,True,False
KY-Barren,True,True,True,True
KY-Bell,True,True,True,True
KY-Big_Sandy,True,True,True,True
KY-Boone,True,True,True,True
KY-Bourbon,True,True,True,True
KY-Boyd,True,True,True,False
KY-Boyle,True,True,True,False
KY-Breckinridge,True,True,True,False
KY-Bullitt,True,True,True,True
KY-Butler,True,True,True,True
KY-Caldwell,True,True,True,True
KY-Calloway,True,True,True,True
KY-Campbell,True,True,True,True
KY-Carroll,True,True,True,True
KY-Carter,True,True,True,True
KY-Casey,True,True,True,False
KY-Christian,True,True,True,True
KY-Clark,True,True,True,True
KY-Clay,True,True,True,True
KY-Crittenden,True,True,True,True
KY-Daviess,True,True,True,True
KY-Franklin,True,True,True,True
KY-Fulton,True,True,True,True
KY-Grant,True,True,True,True
KY-Graves,True,True,True,True
KY-Grayson,True,True,True,True
KY-Greenup,False,True,False,True
KY-Hardin,True,True,True,True
KY-Harlan,True,True,True,True
KY-Hart,True,True,True,True
KY-Henderson,True,True,True,False
KY-Hopkins,True,True,True,True
KY-Jackson,True,True,True,True
KY-Jessamine,True,True,True,True
KY-Kenton,True,True,True,True
KY-Knox,True,True,True,True
KY-Larue,True,True,True,True
KY-Laurel,True,True,True,True
KY-Leslie,True,True,True,True
KY-Letcher,True,True,True,True
KY-Logan,True,True,True,True
KY-Madison,True,True,True,False
KY-Marion,True,True,True,False
KY-Mason,True,True,True,True
KY-McCracken,True,True,True,True
KY-Montgomery,True,True,True,False
KY-Muhlenberg,True,True,True,True
KY-Nelson,True,True,True,True
KY-Ohio,True,True,True,True
KY-Oldham,True,True,True,True
KY-Pike,True,True,True,True
KY-Pulaski,True,True,True,True
KY-Rockcastle,True,True,True,True
KY-Rowan,False,False,False,True
KY-Russell,True,True,True,False
KY-Scott,True,True,True,True
KY-Shelby,True,True,True,True
KY-Simpson,True,True,True,True
KY-Taylor,True,True,True,True
KY-Three_Forks,True,True,True,True
KY-Todd,True,True,True,True
KY-Warren,True,True,True,True
KY-Wayne,True,True,True,True
KY-Webster,True,True,True,True
KY-Whitley,True,True,True,True
KY-Woodford,True,True,True,True
LA-Acadia,True,True,True,True
LA-Allen,True,True,True,True
LA-Ascension,True,True,True,True
LA-Assumption,True,True,True,True
LA-Avoyelles,True,True,True,True
LA-Beauregard,True,True,True,True
LA-Bienville,True,True,True,True
LA-Bogalusa_City,True,True,True,True
LA-Bossier,True,True,True,True
LA-Caddo,True,True,True,True
LA-Calcasieu,True,True,True,True
LA-Caldwell,True,True,True,True
LA-Cameron,True,True,True,True
LA-Catahoula,True,True,True,True
LA-Claiborne,True,True,True,True
LA-Concordia,True,True,True,True
LA-DeSoto,True,True,True,True
LA-East_Baton_Rouge,True,True,True,True
LA-East_Feliciana,True,True,True,True
LA-Evangeline,True,True,True,True
LA-Franklin,True,True,True,True
LA-Hammond_City,True,True,True,True
LA-Iberia,True,True,True,True
LA-Iberville,True,True,True,True
LA-Jefferson,True,True,True,True
LA-Jefferson_Davis,True,True,True,True
LA-LaSalle,True,True,True,True
LA-Lafayette,True,True,True,True
LA-Lafourche,True,True,True,True
LA-Livingston,True,True,True,True
LA-Morehouse,True,True,True,True
LA-Natchitoches,True,True,True,True
LA-Oakdale,True,True,True,True
LA-Orleans,True,True,True,True
LA-Ouachita,True,True,True,True
LA-Plaquemines,True,False,False,False
LA-Pointe_Coupee,True,True,True,True
LA-Rapides,True,True,True,True
LA-Red_River,True,True,True,True
LA-Richland,True,True,True,True
LA-Sabine,True,True,True,True
LA-Shreveport,True,True,True,True
LA-St_Charles,True,True,True,True
LA-St_Helena,True,True,True,True
LA-St_James,True,True,True,True
LA-St_John,True,True,True,True
LA-St_Landry,True,True,True,True
LA-St_Martin,True,True,True,True
LA-St_Mary,True,True,True,True
LA-St_Tammany,True,True,True,True
LA-Sulphur,True,True,True,True
LA-Tangipahoa,True,True,True,True
LA-Tensas,True,True,True,True
LA-Terrebonne,True,True,True,True
LA-Vermilion,True,True,True,True
LA-Vernon,True,True,True,True
LA-Ville_Platte,True,True,True,True
LA-Washington,True,True,True,True
LA-Webster,True,True,True,True
LA-West_Baton_Rouge,True,True,True,True
LA-West_Carroll,True,True,True,True
LA-West_Feliciana,True,True,True,True
LA-Winn,True,True,True,True
LA-Winnfield,True,True,True,True
MA-Worcester,False,True,False,True
MD-Allegany,True,True,True,True
MD-Dorchester,True,True,True,True
MD-Prince_Georges,True,True,True,True
MD-St_Marys,True,True,True,True
ME-Cumberland,True,True,True,True
ME-Penobscot,True,True,True,False
MI-Berrien,True,True,True,True
MI-Delta,True,True,True,True
MI-Isabella,True,True,True,True
MI-Kalamazoo,True,True,True,True
MI-Kent,True,True,True,False
MI-Midland,True,True,True,True
MI-Muskegon,True,True,True,True
MI-Saginaw,True,True,True,True
MI-St_Clair,True,True,True,False
MI-Wayne,True,True,True,True
MN-Aitkin,True,True,True,True
MN-Anoka,True,True,True,True
MN-Becker,True,True,True,True
MN-Beltrami,True,True,True,True
MN-Benton,True,False,False,False
MN-Blue_Earth,True,True,True,True
MN-Brown,False,False,False,True
MN-Carlton,True,True,True,True
MN-Carver,True,True,True,True
MN-Cass,False,False,False,True
MN-Chisago,True,True,True,True
MN-Clay,True,True,True,True
MN-Clearwater,True,True,True,True
MN-Cook,False,True,False,True
MN-Cottonwood,True,True,True,True
MN-Crow_Wing,True,True,True,True
MN-Dakota,True,True,True,True
MN-Douglas,True,True,True,True
MN-Faribault,True,True,True,True
MN-Fillmore,True,True,True,True
MN-Freeborn,True,True,True,True
MN-Goodhue,True,True,True,True
MN-Hennepin_Jail,True,True,True,True
MN-Houston,True,True,True,True
MN-Hubbard,True,True,True,True
MN-Isanti,True,True,True,True
MN-Kanabec,True,True,True,True
MN-Kandiyohi,True,True,True,True
MN-Koochiching,True,True,True,True
MN-Lac_Qui_Parle,True,True,True,True
MN-Le_Sueur,True,True,True,True
MN-Lyon,True,True,True,True
MN-Martin,True,True,True,True
MN-McLeod,True,True,True,True
MN-Meeker,True,True,True,True
MN-Mille_Lacs,True,True,True,True
MN-Morrison,True,True,True,True
MN-Nicollet,True,True,True,True
MN-Nobles,True,True,True,True
MN-Olmsted,True,True,True,True
MN-Otter_Tail,True,True,True,True
MN-Pipestone,True,True,True,True
MN-Polk,True,True,False,False
MN-Redwood,True,True,True,True
MN-Renville,True,True,True,True
MN-Rice,True,True,True,True
MN-Roseau,True,True,True,True
MN-Scott,True,True,True,True
MN-Sherburne,True,True,True,True
MN-Sibley,True,True,True,True
MN-St_Louis,True,True,True,True
MN-Stearns,True,True,True,True
MN-Steele,True,True,True,True
MN-Swift,True,True,True,True
MN-Todd,True,True,True,True
MN-Traverse,True,True,True,True
MN-Wabasha,True,True,True,True
MN-Wadena,True,True,True,True
MN-Waseca,True,True,True,True
MN-Watonwan,True,True,True,True
MN-Wilkin,True,True,True,True
MN-Winona,True,True,True,True
MN-Wright,True,True,True,True
MN-Yellow_Medicine,True,True,True,True
MO-Barry,True,True,True,True
MO-Bates,True,True,True,True
MO-Benton,True,True,True,True
MO-Bollinger,True,True,True,True
MO-Boone,True,True,True,True
MO-Buchanan,True,True,True,True
MO-Cape_Girardeau,True,True,True,True
MO-Cass,True,True,True,True
MO-Cedar,True,True,True,True
MO-Christian,True,True,True,True
MO-Clark,True,True,True,True
MO-Clay,True,True,True,True
MO-Cooper,True,True,True,True
MO-Daviess,True,True,True,True
MO-Greene,True,True,True,True
MO-Henry,True,True,True,True
MO-Howard,True,True,True,True
MO-Jackson,True,True,True,True
MO-Jasper,True,True,True,True
MO-Johnson,True,True,True,True
MO-Joplin,True,True,True,True
MO-Lawrence,True,True,True,True
MO-Lewis,True,True,True,True
MO-Marion,True,True,True,True
MO-McDonald,True,True,True,True
MO-Monroe,True,True,True,True
MO-Morgan,True,True,True,True
MO-Nodaway,True,True,True,True
MO-Perry,True,True,True,True
MO-Platte,True,True,True,True
MO-Pulaski,True,True,True,True
MO-Randolph,True,True,True,True
MO-Saline,True,True,True,True
MO-Scott,True,True,True,True
MO-Stone,True,True,True,True
MO-Taney,True,True,True,True
MS-Adams,True,True,True,True
MS-Clay,True,True,True,True
MS-DeSoto,True,True,True,True
MS-Forrest,True,True,True,True
MS-Hancock,True,True,True,True
MS-Harrison,True,True,True,True
MS-Hinds,True,True,True,True
MS-Jackson,True,True,True,True
MS-Jasper,True,True,True,True
MS-Jones,True,True,True,True
MS-Kemper,True,True,True,True
MS-Lamar,True,True,True,True
MS-Lee,True,True,True,True
MS-Madison,True,True,True,True
MS-Marion,True,True,True,True
MS-Perry,True,True,True,True
MS-Tunica,True,True,True,True
MS-Yazoo,True,True,True,True
MT-Big_Horn,True,True,True,True
MT-Broadwater,True,True,True,True
MT-Deer_Lodge,True,True,True,True
MT-Flathead,True,True,True,True
MT-Gallatin,True,True,True,True
MT-Jefferson,True,True,True,True
MT-Lake,True,True,True,True
MT-Lewis_and_Clark,True,True,True,True
MT-Missoula,True,True,True,True
MT-Ravalli,True,True,True,True
MT-Rosebud,True,True,True,False
MT-Silver_Bow,True,True,True,True
MT-Valley,True,True,True,True
MT-Yellowstone,False,True,False,True
NC-Alamance,True,True,True,True
NC-Alexander,True,True,True,True
NC-Brunswick,True,True,True,True
NC-Buncombe,True,True,True,True
NC-Burke,True,True,True,True
NC-Cabarrus,True,True,True,True
NC-Carteret,True,True,True,True
NC-Catawba,True,True,True,True
NC-Cherokee,True,True,True,True
NC-Clay,True,True,True,True
NC-Cleveland,True,True,True,True
NC-Craven,True,True,True,False
NC-Cumberland,True,True,True,True
NC-Davidson,True,True,True,True
NC-Durham,True,True,True,True
NC-Forsyth,True,True,True,True
NC-Gaston,True,True,True,True
NC-Guilford,True,True,True,True
NC-Harnett,True,True,True,True
NC-Johnston,True,True,True,True
NC-Lee,True,True,True,True
NC-Lincoln,True,True,True,True
NC-Mecklenburg,True,True,True,True
NC-Moore,True,True,True,True
NC-Pender,True,True,True,True
NC-Randolph,True,True,True,True
NC-Richmond,True,True,True,True
NC-Rowan,True,True,True,True
NC-Sampson,True,True,True,True
NC-Stanly,True,True,True,True
NC-Transylvania,True,True,True,True
NC-Union,True,True,True,True
NC-Wake,True,True,True,True
NC-Washington,True,True,True,True
ND-Barnes,True,True,True,True
ND-Burleigh,True,True,True,True
ND-Cass,True,True,True,True
ND-Ramsey,True,True,True,True
ND-Stark,True,True,True,True
ND-Stutsman,True,True,True,True
ND-Ward,True,True,True,True
ND-Williams,True,True,True,True
NE-Douglas,True,True,True,True
NE-Gage,True,True,True,True
NE-Hall,True,True,True,True
NE-Keith,True,True,True,True
NE-Lincoln,True,True,True,True
NE-Sarpy,True,True,True,True
NH-Cheshire,True,True,True,True
NJ-Bergen,True,True,True,True
NJ-Burlington,True,True,True,True
NJ-Cape_May,True,True,True,False
NJ-Cumberland,True,True,True,True
NJ-Essex,True,True,True,True
NJ-Hunterdon,True,True,True,True
NJ-Ocean,True,True,True,True
NJ-Salem,True,True,True,True
NM-Bernalillo,True,True,True,False
NM-Curry,True,True,True,True
NM-Dona_Ana,True,True,True,True
NM-Eddy,True,True,True,True
NM-Hobbs,False,True,False,True
NM-Lea,True,True,True,True
NM-Luna,True,True,True,True
NM-San_Juan,True,True,True,True
NM-San_Miguel,True,True,True,True
NM-Sandoval,True,True,True,True
NM-Sierra,True,True,True,True
NM-Socorro,True,True,True,True
NV-Clark,True,True,True,True
NV-Clark_Henderson,True,True,True,True
NV-Las_Vegas,True,True,True,True
NV-North_Las_Vegas,True,True,True,True
NY-Chautauqua,True,True,True,True
NY-Erie,True,True,True,True
NY-Monroe,True,True,True,True
NY-New_York_City,True,True,True,False
NY-Niagara,True,True,True,True
NY-Oneida,True,True,True,True
NY-Onondaga,True,True,True,True
NY-Onondaga_Corrections,True,True,True,True
NY-Westchester,True,True,True,True
OH-Adams,True,True,True,True
OH-Ashland,True,True,True,True
OH-Belmont,True,True,True,True
OH-Brown,True,True,True,False
OH-Butler,True,True,True,False
OH-Clark,True,True,True,False
OH-Clermont,True,True,True,True
OH-Clinton,True,True,True,True
OH-Coshocton,True,True,True,True
OH-Darke,True,True,True,False
OH-Delaware,True,True,True,True
OH-Erie,True,True,True,True
OH-Fairborn,True,True,True,False
OH-Fayette,True,True,True,False
OH-Franklin,True,True,True,True
OH-Gallia,True,True,True,True
OH-Greene,True,True,True,False
OH-Guernsey,True,True,True,True
OH-Hamilton,True,True,True,True
OH-Hancock,True,True,True,True
OH-Harrison,True,True,True,True
OH-Highland,True,True,True,False
OH-Huron,True,True,True,True
OH-Kettering,True,True,True,False
OH-Knox,True,True,True,False
OH-Lake,True,True,True,True
OH-Licking,True,True,True,True
OH-Logan,True,True,True,False
OH-Lorain,True,True,True,True
OH-Mahoning,True,True,True,True
OH-Mercer,True,True,True,True
OH-Miami,True,True,True,False
OH-Montgomery,True,True,True,False
OH-Morrow,True,True,True,True
OH-Muskingham,True,True,True,True
OH-Noble,True,True,True,True
OH-Northwest,True,True,True,True
OH-Ottawa,True,True,True,True
OH-Paulding,True,True,True,False
OH-Pickaway,True,True,True,True
OH-Preble,True,True,True,False
OH-Ross,True,True,True,False
OH-Sandusky,True,True,True,True
OH-Southeastern,True,True,True,True
OH-Summit,True,True,True,True
OH-Warren,True,True,True,False
OH-Wood,True,True,True,True
OK-Atoka,True,True,True,True
OK-Carter,True,True,True,True
OK-Comanche,True,True,True,True
OK-Creek,True,True,True,True
OK-Garvin,True,True,True,True
OK-Mayes,True,True,True,True
OK-McClain,True,True,True,False
OK-Okmulgee,True,True,True,True
OK-Osage,True,True,True,True
OK-Pottawatomie,True,True,True,True
OK-Tulsa,True,True,True,True
OK-Wagoner,True,True,True,True
OR-Baker,True,True,True,True
OR-Benton,True,True,True,True
OR-Clackamas,True,True,True,True
OR-Clatsop,True,True,True,True
OR-Columbia,True,True,True,True
OR-Coos,True,True,True,True
OR-Crook,True,True,True,True
OR-Curry,True,True,True,True
OR-Deschutes,True,True,True,True
OR-Douglas,True,True,True,True
OR-Harney,True,True,True,True
OR-Jackson,True,True,True,True
OR-Jefferson,True,True,True,True
OR-Josephine,True,True,True,True
OR-Klamath,True,True,True,True
OR-Lincoln,True,True,True,True
OR-Linn,True,True,True,True
OR-Marion,True,True,True,True
OR-Multnomah,True,True,True,True
OR-Polk,True,True,True,True
OR-Tillamook,True,True,True,True
OR-Umatilla,True,True,True,True
OR-Wasco,True,True,True,True
OR-Washington,True,True,True,True
OR-Yamhill,True,True,True,True
PA-Clinton,True,True,True,True
PA-Crawford,True,True,True,True
PA-Cumberland,True,True,True,True
PA-Dauphin,True,True,True,True
PA-Greene,True,True,True,True
PA-Lancaster,True,True,True,True
PA-Mercer,True,True,True,True
PA-Westmoreland,True,True,True,True
SC-Aiken,True,True,True,True
SC-Anderson,True,True,True,True
SC-Anderson_City,True,True,True,True
SC-Beaufort,True,True,True,True
SC-Berkeley,True,True,True,True
SC-Cherokee,True,True,True,True
SC-Chester,True,True,True,True
SC-Darlington,True,True,True,True
SC-Florence,True,True,True,True
SC-Georgetown,True,True,True,True
SC-Horry,True,True,True,True
SC-Jasper,True,True,True,True
SC-Kershaw,True,True,True,True
SC-Laurens,True,True,True,True
SC-Lexington,True,True,True,True
SC-Marion,True,True,True,True
SC-Newberry,True,True,True,True
SC-Oconee,True,True,True,True
SC-Pickens,True,True,True,True
SC-Richland,True,True,True,True
SC-Spartanburg,True,True,True,True
SC-Sumter,True,True,True,True
SC-Union,True,True,True,True
SC-York_Prison,True,True,True,True
SD-Brookings,True,True,True,True
SD-Clay,True,True,True,True
SD-Codington,True,True,True,True
SD-Minnehaha,True,True,True,True
SD-Pennington,True,True,True,True
TN-Blount,True,True,True,True
TN-Carter,True,True,True,False
TN-Davidson,True,True,True,True
TN-Giles,True,True,True,True
TN-Hamilton,True,True,True,True
TN-Knox,True,True,True,True
TN-Macon,True,True,True,True
TN-Marshall,True,True,True,True
TN-McMinn,True,True,True,True
TN-Monroe,True,True,True,True
TN-Polk,True,True,True,True
TN-Roane,True,True,True,True
TN-Robertson,True,True,True,True
TN-Sevier,True,True,True,True
TN-Shelby,True,True,True,True
TN-Stewart,True,True,True,True
TN-Wayne,True,True,True,True
TN-Wilson,True,True,True,False
TX-Andrews,True,False,False,False
TX-Angelina,True,True,True,True
TX-Aransas,True,True,True,True
TX-Archer,True,True,True,True
TX-Baytown,True,True,True,True
TX-Bell,True,True,True,True
TX-Brazos,True,True,True,False
TX-Brown,False,False,False,True
TX-Calhoun,True,True,True,True
TX-Cameron,True,True,True,False
TX-Cochran,True,True,True,True
TX-Coleman,True,True,True,True
TX-Collin,True,True,True,True
TX-Comal,True,False,False,False
TX-Cooke,True,True,True,True
TX-Coryell,True,True,True,True
TX-DeWitt,True,True,True,True
TX-Denton,True,True,True,False
TX-Ector,True,True,True,False
TX-Ellis,True,True,True,True
TX-Erath,True,True,True,True
TX-Fort_Bend,True,True,True,True
TX-Galveston,True,True,True,True
TX-Grayson,True,False,False,False
TX-Gregg,True,False,False,False
TX-Hale,True,False,False,False
TX-Harris,True,True,True,True
TX-Hays,True,True,True,True
TX-Henderson,True,False,False,False
TX-Hidalgo,True,True,True,False
TX-Hockley,True,True,True,True
TX-Hopkins,True,True,True,True
TX-Howard,True,False,False,False
TX-Hunt,True,True,True,True
TX-Hutchinson,True,True,True,True
TX-Jefferson,True,True,True,True
TX-Jim_Wells,True,True,True,True
TX-Kaufman,True,True,True,True
TX-Kerr,True,False,False,False
TX-Lamar,True,False,False,False
TX-Lavaca,True,True,True,True
TX-Liberty,True,True,True,True
TX-Martin,True,True,True,True
TX-McLennan,True,True,True,True
TX-Midland,True,True,True,True
TX-Milam,True,True,True,True
TX-Montague,True,True,True,True
TX-Montgomery,True,True,True,True
TX-Nacogdoches,True,True,True,True
TX-Orange,True,True,True,True
TX-Parker,True,False,False,False
TX-Parmer,True,True,True,True
TX-Polk,True,True,True,True
TX-Potter,False,False,False,True
TX-Randall,True,True,True,True
TX-Red_River,True,True,True,True
TX-Robertson,True,True,True,True
TX-Rockwall,True,True,True,True
TX-Rusk,True,True,True,True
TX-Shackelford,True,True,True,True
TX-Shelby,True,True,True,True
TX-Smith,True,True,True,False
TX-Tarrant,True,True,True,True
TX-Terry,True,True,True,True
TX-Titus,True,True,True,True
TX-Tom_Green,True,True,True,True
TX-Travis,True,True,True,True
TX-Van_Zandt,True,True,True,True
TX-Victoria,True,True,True,False
TX-Webb,True,True,True,True
TX-Wharton,True,True,True,True
TX-Wichita,False,True,False,False
TX-Williamson,True,True,True,True
TX-Wood,True,False,False,False
TX-Young,True,True,True,True
UT-Cache,True,True,True,True
UT-Davis,True,True,True,True
UT-Garfield,True,True,True,True
UT-Iron,True,True,True,True
UT-Salt_Lake,True,True,True,True
UT-Tooele,True,True,True,True
UT-Utah,True,True,True,True
UT-Washington,True,True,True,True
UT-Weber,True,True,True,True
VA-Arlington,True,True,True,True
VA-Blue_Ridge_Amherst,True,True,True,True
VA-Blue_Ridge_Bedford,True,True,True,True
VA-Blue_Ridge_Campbell,True,True,True,True
VA-Blue_Ridge_Halifax,True,True,True,True
VA-Blue_Ridge_Lynchburg,True,True,True,True
VA-Chesapeake,True,True,True,True
VA-Danville,True,True,True,True
VA-Henrico,True,True,True,True
VA-Meherrin_River,True,True,True,True
VA-Middle_Peninsula,True,True,True,True
VA-Middle_River,True,True,True,True
VA-New_River_Valley,True,True,True,True
VA-Norfolk,True,True,True,True
VA-Northern_Neck,True,True,True,True
VA-Northwestern,True,True,True,True
VA-Pamunkey,True,True,True,True
VA-Richmond,True,True,True,True
VA-Riverside,True,True,True,True
VA-Roanoke,True,True,True,True
VA-Roanoke_City,True,True,True,True
VA-Rockbridge,True,True,True,True
VA-Southwest,True,True,True,True
VA-Virginia_Beach,True,True,True,True
VA-Virginia_Peninsula,True,True,True,True
VA-Warren,True,True,True,True
VA-Western_Tidewater,True,True,True,True
VA-Western_Virginia,True,True,True,True
WA-Adams,True,True,True,True
WA-Chelan,True,True,True,True
WA-Clallam,True,True,True,True
WA-Clallam_Forks,True,True,True,True
WA-Clark,True,True,True,True
WA-Columbia,True,True,True,True
WA-Cowlitz,True,True,True,True
WA-Ferry,True,True,True,False
WA-Franklin,True,True,True,True
WA-Grant,True,True,True,True
WA-Grays_Harbor,True,True,True,True
WA-Grays_Harbor_Aberdeen,True,True,True,True
WA-Grays_Harbor_Hoquiam,True,True,True,True
WA-Island,True,True,True,True
WA-Jefferson,True,True,True,True
WA-King_Des_Moines,True,True,True,True
WA-King_Issaquah,True,True,True,True
WA-King_Kent,True,True,True,True
WA-King_Kirkland,True,True,True,False
WA-Kitsap,True,True,True,True
WA-Kittitas,True,True,True,True
WA-Klickitat,True,True,True,True
WA-Lewis,True,True,True,True
WA-Lincoln,True,True,True,True
WA-Mason,True,True,True,True
WA-Nisqually,True,True,True,True
WA-Okanogan,True,True,True,True
WA-Pacific,True,True,True,True
WA-Pierce,True,True,True,True
WA-Pierce_Puyallup,True,True,True,True
WA-Skagit,True,True,True,True
WA-Skamania,True,True,True,True
WA-Snohomish,True,True,True,True
WA-Snohomish_Lynnwood,True,True,True,True
WA-Snohomish_Marysville,True,True,True,True
WA-Spokane,True,True,True,True
WA-Thurston,True,True,True,True
WA-Thurston_Olympia,True,True,True,True
WA-Walla_Walla,True,True,True,True
WA-Whatcom,True,True,True,True
WA-Whitman,True,True,True,True
WA-Yakima,True,True,True,True
WA-Yakima_City,True,True,True,True
WI-Barron,True,True,True,True
WI-Brown,True,True,True,True
WI-Burnett,True,True,True,True
WI-Calumet,True,True,True,True
WI-Chippewa,True,True,True,True
WI-Dane,True,True,True,True
WI-Douglas,True,True,True,True
WI-Dunn,True,True,True,True
WI-Eau_Claire,True,True,True,True
WI-Kenosha,True,True,True,True
WI-La_Crosse,True,True,True,True
WI-Lincoln,True,True,True,True
WI-Manitowoc,True,True,True,True
WI-Milwaukee,False,True,False,True
WI-Outagamie,True,True,False,False
WI-Ozaukee,False,True,False,True
WI-Pierce,True,True,True,True
WI-Polk,True,True,True,True
WI-Price,True,True,True,True
WI-Racine,True,True,True,True
WI-Sawyer,True,True,True,True
WI-Sheboygan,True,True,True,True
WI-Waukesha,True,True,True,True
WY-Big_Horn,True,True,True,True
WY-Goshen,True,True,True,True
WY-Lincoln,True,True,True,True
WY-Niobrara,True,True,True,True
WY-Park,True,True,True,True
WY-Sweetwater,True,True,True,True
WY-Teton,True,True,True,True
